proc,avg,stddev,min,max
1,20710.66431758088,15.014049813115431,20700.186489492222,20736.634814686302
2,40433.763706415964,160.35236920306,40159.339276047795,40538.89075932044
